{
    "definition": {
        "$schema": "https://schema.management.azure.com/providers/Microsoft.Logic/schemas/2016-06-01/workflowdefinition.json#",
        "actions": {
            "Initialize_variable": {
                "inputs": {
                    "variables": [
                        {
                            "name": "Timestamp",
                            "type": "string",
                            "value": "@{ticks(utcNow())}"
                        }
                    ]
                },
                "runAfter": {},
                "type": "InitializeVariable"
            },
            "Insert_Entity_(V2)": {
                "inputs": {
                    "body": {
                        "PartitionKey": "QuickLinks",
                        "RowKey": "@{variables('Timestamp')}",
                        "category": "@{triggerBody()?['category']}",
                        "uri": "@{triggerBody()?['uri']}"
                    },
                    "host": {
                        "connection": {
                            "referenceName": "azuretables_3"
                        }
                    },
                    "method": "post",
                    "path": "/v2/storageAccounts/@{encodeURIComponent(encodeURIComponent('AccountNameFromSettings'))}/tables/@{encodeURIComponent('QuickLinksStatistics')}/entities"
                },
                "runAfter": {
                    "Initialize_variable": [
                        "Succeeded"
                    ]
                },
                "type": "ApiConnection"
            }
        },
        "contentVersion": "1.0.0.0",
        "outputs": {},
        "triggers": {
            "When_a_HTTP_request_is_received": {
                "inputs": {
                    "method": "POST",
                    "schema": {
                        "properties": {
                            "category": {
                                "type": "string"
                            },
                            "uri": {
                                "type": "string"
                            }
                        },
                        "type": "object"
                    }
                },
                "kind": "Http",
                "type": "Request"
            }
        }
    },
    "kind": "Stateful"
}