{"name":"4707a74f-e30c-44e3-8f9c-c1a238a23a3d","id":"/providers/Microsoft.Flow/flows/4707a74f-e30c-44e3-8f9c-c1a238a23a3d","type":"Microsoft.Flow/flows","properties":{"apiId":"/providers/Microsoft.PowerApps/apis/shared_logicflows","displayName":"Daily Dilbert","definition":{"$schema":"https://schema.management.azure.com/providers/Microsoft.Logic/schemas/2016-06-01/workflowdefinition.json#","contentVersion":"1.0.0.0","parameters":{"$authentication":{"defaultValue":{},"type":"SecureObject"}},"triggers":{"manual":{"type":"Request","kind":"Http","inputs":{"schema":{},"method":"GET"}}},"actions":{"Current_date":{"runAfter":{},"type":"InitializeVariable","inputs":{"variables":[{"name":"Today","type":"String","value":"@{formatDateTime(addhours(utcnow(),-12),'yyyy-MM-dd')}"}]}},"lines":{"foreach":"@split(body('HTTP'),'<meta property=\"og:')","actions":{"Is_image_url":{"actions":{"Set_url":{"runAfter":{},"type":"SetVariable","inputs":{"name":"ImageUrl","value":"@{replace(replace(substring(items('lines'),indexof(items('lines'), ' '),sub(length(items('lines')),indexof(items('lines'), ' '))),'content=\"',''),'\"/>','')}"}}},"runAfter":{},"expression":"@startsWith(items('lines'), 'image')","type":"If"},"Is_title":{"actions":{"Set_title":{"runAfter":{},"type":"SetVariable","inputs":{"name":"Title","value":"@{replace(replace(substring(items('lines'),indexof(items('lines'), ' '),sub(length(items('lines')),indexof(items('lines'), ' '))),'content=\"',''),'\"/>','')}"}}},"runAfter":{"Is_image_url":["Succeeded"]},"expression":"@startsWith(items('lines'), 'title')","type":"If"},"Is_description":{"actions":{"Set_description":{"runAfter":{},"type":"SetVariable","inputs":{"name":"Description","value":"@{replace(replace(substring(items('lines'),indexof(items('lines'), ' '),sub(length(items('lines')),indexof(items('lines'), ' '))),'content=\"',''),'\"/>','')}"}}},"runAfter":{"Is_title":["Succeeded"]},"expression":"@startsWith(items('lines'), 'description')","type":"If"}},"runAfter":{"Description":["Succeeded"]},"type":"Foreach"},"ImageUrl":{"runAfter":{"HTTP":["Succeeded"]},"type":"InitializeVariable","inputs":{"variables":[{"name":"ImageUrl","type":"String"}]}},"Title":{"runAfter":{"ImageUrl":["Succeeded"]},"type":"InitializeVariable","inputs":{"variables":[{"name":"Title","type":"String"}]}},"Description":{"runAfter":{"Title":["Succeeded"]},"type":"InitializeVariable","inputs":{"variables":[{"name":"Description","type":"String"}]}},"HTTP":{"runAfter":{"Current_date":["Succeeded"]},"type":"Http","inputs":{"method":"GET","uri":"http://dilbert.com/strip/@{variables('Today')}"}},"Response":{"runAfter":{"JSON_output":["Succeeded"]},"type":"Response","inputs":{"statusCode":200,"headers":{"Content-Type":"application/json; charset=UTF-8"},"body":"@outputs('JSON_output')"}},"JSON_output":{"runAfter":{"lines":["Succeeded"]},"type":"Compose","inputs":{"Url":"@{variables('ImageUrl')}","Title":"@{variables('Title')}","Description":"@{variables('Description')}","Date":"@{variables('Today')}"}}},"outputs":{}},"connectionReferences":{}}}